dataset,class_label,rgb_path,depth_path,thermal_path,mask_path
MM5,571,dataset\MM5\RGB\285,dataset\MM5\Depth\285,dataset\MM5\Thermal\285,dataset\MM5\Class_Annotations\285
MM5,480,dataset\MM5\RGB\194,dataset\MM5\Depth\194,dataset\MM5\Thermal\194,dataset\MM5\Class_Annotations\194
MM5,361,dataset\MM5\RGB\79,dataset\MM5\Depth\79,dataset\MM5\Thermal\79,dataset\MM5\Class_Annotations\79
MM5,283,dataset\MM5\RGB\2,dataset\MM5\Depth\2,dataset\MM5\Thermal\2,dataset\MM5\Class_Annotations\2
MM5,324,dataset\MM5\RGB\42,dataset\MM5\Depth\42,dataset\MM5\Thermal\42,dataset\MM5\Class_Annotations\42
MM5,320,dataset\MM5\RGB\38,dataset\MM5\Depth\38,dataset\MM5\Thermal\38,dataset\MM5\Class_Annotations\38
MM5,438,dataset\MM5\RGB\152,dataset\MM5\Depth\152,dataset\MM5\Thermal\152,dataset\MM5\Class_Annotations\152
MM5,302,dataset\MM5\RGB\20,dataset\MM5\Depth\20,dataset\MM5\Thermal\20,dataset\MM5\Class_Annotations\20
MM5,284,dataset\MM5\RGB\3,dataset\MM5\Depth\3,dataset\MM5\Thermal\3,dataset\MM5\Class_Annotations\3
MM5,519,dataset\MM5\RGB\233,dataset\MM5\Depth\233,dataset\MM5\Thermal\233,dataset\MM5\Class_Annotations\233
MM5,340,dataset\MM5\RGB\58,dataset\MM5\Depth\58,dataset\MM5\Thermal\58,dataset\MM5\Class_Annotations\58
MM5,491,dataset\MM5\RGB\205,dataset\MM5\Depth\205,dataset\MM5\Thermal\205,dataset\MM5\Class_Annotations\205
MM5,454,dataset\MM5\RGB\168,dataset\MM5\Depth\168,dataset\MM5\Thermal\168,dataset\MM5\Class_Annotations\168
MM5,592,dataset\MM5\RGB\306,dataset\MM5\Depth\306,dataset\MM5\Thermal\306,dataset\MM5\Class_Annotations\306
MM5,421,dataset\MM5\RGB\135,dataset\MM5\Depth\135,dataset\MM5\Thermal\135,dataset\MM5\Class_Annotations\135
MM5,483,dataset\MM5\RGB\197,dataset\MM5\Depth\197,dataset\MM5\Thermal\197,dataset\MM5\Class_Annotations\197
MM5,360,dataset\MM5\RGB\78,dataset\MM5\Depth\78,dataset\MM5\Thermal\78,dataset\MM5\Class_Annotations\78
MM5,554,dataset\MM5\RGB\268,dataset\MM5\Depth\268,dataset\MM5\Thermal\268,dataset\MM5\Class_Annotations\268
MM5,593,dataset\MM5\RGB\307,dataset\MM5\Depth\307,dataset\MM5\Thermal\307,dataset\MM5\Class_Annotations\307
MM5,353,dataset\MM5\RGB\71,dataset\MM5\Depth\71,dataset\MM5\Thermal\71,dataset\MM5\Class_Annotations\71
MM5,504,dataset\MM5\RGB\218,dataset\MM5\Depth\218,dataset\MM5\Thermal\218,dataset\MM5\Class_Annotations\218
MM5,368,dataset\MM5\RGB\86,dataset\MM5\Depth\86,dataset\MM5\Thermal\86,dataset\MM5\Class_Annotations\86
MM5,319,dataset\MM5\RGB\37,dataset\MM5\Depth\37,dataset\MM5\Thermal\37,dataset\MM5\Class_Annotations\37
MM5,428,dataset\MM5\RGB\142,dataset\MM5\Depth\142,dataset\MM5\Thermal\142,dataset\MM5\Class_Annotations\142
MM5,484,dataset\MM5\RGB\198,dataset\MM5\Depth\198,dataset\MM5\Thermal\198,dataset\MM5\Class_Annotations\198
MM5,453,dataset\MM5\RGB\167,dataset\MM5\Depth\167,dataset\MM5\Thermal\167,dataset\MM5\Class_Annotations\167
MM5,335,dataset\MM5\RGB\53,dataset\MM5\Depth\53,dataset\MM5\Thermal\53,dataset\MM5\Class_Annotations\53
MM5,337,dataset\MM5\RGB\55,dataset\MM5\Depth\55,dataset\MM5\Thermal\55,dataset\MM5\Class_Annotations\55
MM5,322,dataset\MM5\RGB\40,dataset\MM5\Depth\40,dataset\MM5\Thermal\40,dataset\MM5\Class_Annotations\40
MM5,494,dataset\MM5\RGB\208,dataset\MM5\Depth\208,dataset\MM5\Thermal\208,dataset\MM5\Class_Annotations\208
MM5,610,dataset\MM5\RGB\323,dataset\MM5\Depth\323,dataset\MM5\Thermal\323,dataset\MM5\Class_Annotations\323
MM5,589,dataset\MM5\RGB\303,dataset\MM5\Depth\303,dataset\MM5\Thermal\303,dataset\MM5\Class_Annotations\303
MM5,482,dataset\MM5\RGB\196,dataset\MM5\Depth\196,dataset\MM5\Thermal\196,dataset\MM5\Class_Annotations\196
MM5,465,dataset\MM5\RGB\179,dataset\MM5\Depth\179,dataset\MM5\Thermal\179,dataset\MM5\Class_Annotations\179
MM5,414,dataset\MM5\RGB\128,dataset\MM5\Depth\128,dataset\MM5\Thermal\128,dataset\MM5\Class_Annotations\128
MM5,472,dataset\MM5\RGB\186,dataset\MM5\Depth\186,dataset\MM5\Thermal\186,dataset\MM5\Class_Annotations\186
MM5,547,dataset\MM5\RGB\261,dataset\MM5\Depth\261,dataset\MM5\Thermal\261,dataset\MM5\Class_Annotations\261
MM5,325,dataset\MM5\RGB\43,dataset\MM5\Depth\43,dataset\MM5\Thermal\43,dataset\MM5\Class_Annotations\43
MM5,602,dataset\MM5\RGB\315,dataset\MM5\Depth\315,dataset\MM5\Thermal\315,dataset\MM5\Class_Annotations\315
MM5,510,dataset\MM5\RGB\224,dataset\MM5\Depth\224,dataset\MM5\Thermal\224,dataset\MM5\Class_Annotations\224
MM5,286,dataset\MM5\RGB\5,dataset\MM5\Depth\5,dataset\MM5\Thermal\5,dataset\MM5\Class_Annotations\5
MM5,606,dataset\MM5\RGB\319,dataset\MM5\Depth\319,dataset\MM5\Thermal\319,dataset\MM5\Class_Annotations\319
MM5,359,dataset\MM5\RGB\77,dataset\MM5\Depth\77,dataset\MM5\Thermal\77,dataset\MM5\Class_Annotations\77
MM5,481,dataset\MM5\RGB\195,dataset\MM5\Depth\195,dataset\MM5\Thermal\195,dataset\MM5\Class_Annotations\195
MM5,382,dataset\MM5\RGB\100,dataset\MM5\Depth\100,dataset\MM5\Thermal\100,dataset\MM5\Class_Annotations\100
MM5,594,dataset\MM5\RGB\308,dataset\MM5\Depth\308,dataset\MM5\Thermal\308,dataset\MM5\Class_Annotations\308
MM5,452,dataset\MM5\RGB\166,dataset\MM5\Depth\166,dataset\MM5\Thermal\166,dataset\MM5\Class_Annotations\166
MM5,601,dataset\MM5\RGB\314,dataset\MM5\Depth\314,dataset\MM5\Thermal\314,dataset\MM5\Class_Annotations\314
MM5,544,dataset\MM5\RGB\258,dataset\MM5\Depth\258,dataset\MM5\Thermal\258,dataset\MM5\Class_Annotations\258
MM5,396,dataset\MM5\RGB\110,dataset\MM5\Depth\110,dataset\MM5\Thermal\110,dataset\MM5\Class_Annotations\110
MM5,469,dataset\MM5\RGB\183,dataset\MM5\Depth\183,dataset\MM5\Thermal\183,dataset\MM5\Class_Annotations\183
MM5,605,dataset\MM5\RGB\318,dataset\MM5\Depth\318,dataset\MM5\Thermal\318,dataset\MM5\Class_Annotations\318
MM5,539,dataset\MM5\RGB\253,dataset\MM5\Depth\253,dataset\MM5\Thermal\253,dataset\MM5\Class_Annotations\253
MM5,355,dataset\MM5\RGB\73,dataset\MM5\Depth\73,dataset\MM5\Thermal\73,dataset\MM5\Class_Annotations\73
MM5,575,dataset\MM5\RGB\289,dataset\MM5\Depth\289,dataset\MM5\Thermal\289,dataset\MM5\Class_Annotations\289
MM5,435,dataset\MM5\RGB\149,dataset\MM5\Depth\149,dataset\MM5\Thermal\149,dataset\MM5\Class_Annotations\149
MM5,584,dataset\MM5\RGB\298,dataset\MM5\Depth\298,dataset\MM5\Thermal\298,dataset\MM5\Class_Annotations\298
MM5,441,dataset\MM5\RGB\155,dataset\MM5\Depth\155,dataset\MM5\Thermal\155,dataset\MM5\Class_Annotations\155
MM5,443,dataset\MM5\RGB\157,dataset\MM5\Depth\157,dataset\MM5\Thermal\157,dataset\MM5\Class_Annotations\157
MM5,364,dataset\MM5\RGB\82,dataset\MM5\Depth\82,dataset\MM5\Thermal\82,dataset\MM5\Class_Annotations\82
MM5,372,dataset\MM5\RGB\90,dataset\MM5\Depth\90,dataset\MM5\Thermal\90,dataset\MM5\Class_Annotations\90
MM5,503,dataset\MM5\RGB\217,dataset\MM5\Depth\217,dataset\MM5\Thermal\217,dataset\MM5\Class_Annotations\217
MM5,388,dataset\MM5\RGB\106,dataset\MM5\Depth\106,dataset\MM5\Thermal\106,dataset\MM5\Class_Annotations\106
MM5,369,dataset\MM5\RGB\87,dataset\MM5\Depth\87,dataset\MM5\Thermal\87,dataset\MM5\Class_Annotations\87
MM5,486,dataset\MM5\RGB\200,dataset\MM5\Depth\200,dataset\MM5\Thermal\200,dataset\MM5\Class_Annotations\200
MM5,418,dataset\MM5\RGB\132,dataset\MM5\Depth\132,dataset\MM5\Thermal\132,dataset\MM5\Class_Annotations\132
MM5,413,dataset\MM5\RGB\127,dataset\MM5\Depth\127,dataset\MM5\Thermal\127,dataset\MM5\Class_Annotations\127
MM5,330,dataset\MM5\RGB\48,dataset\MM5\Depth\48,dataset\MM5\Thermal\48,dataset\MM5\Class_Annotations\48
MM5,430,dataset\MM5\RGB\144,dataset\MM5\Depth\144,dataset\MM5\Thermal\144,dataset\MM5\Class_Annotations\144
MM5,473,dataset\MM5\RGB\187,dataset\MM5\Depth\187,dataset\MM5\Thermal\187,dataset\MM5\Class_Annotations\187
MM5,461,dataset\MM5\RGB\175,dataset\MM5\Depth\175,dataset\MM5\Thermal\175,dataset\MM5\Class_Annotations\175
MM5,604,dataset\MM5\RGB\317,dataset\MM5\Depth\317,dataset\MM5\Thermal\317,dataset\MM5\Class_Annotations\317
MM5,559,dataset\MM5\RGB\273,dataset\MM5\Depth\273,dataset\MM5\Thermal\273,dataset\MM5\Class_Annotations\273
MM5,423,dataset\MM5\RGB\137,dataset\MM5\Depth\137,dataset\MM5\Thermal\137,dataset\MM5\Class_Annotations\137
MM5,530,dataset\MM5\RGB\244,dataset\MM5\Depth\244,dataset\MM5\Thermal\244,dataset\MM5\Class_Annotations\244
MM5,328,dataset\MM5\RGB\46,dataset\MM5\Depth\46,dataset\MM5\Thermal\46,dataset\MM5\Class_Annotations\46
MM5,285,dataset\MM5\RGB\4,dataset\MM5\Depth\4,dataset\MM5\Thermal\4,dataset\MM5\Class_Annotations\4
MM5,434,dataset\MM5\RGB\148,dataset\MM5\Depth\148,dataset\MM5\Thermal\148,dataset\MM5\Class_Annotations\148
MM5,311,dataset\MM5\RGB\29,dataset\MM5\Depth\29,dataset\MM5\Thermal\29,dataset\MM5\Class_Annotations\29
MM5,462,dataset\MM5\RGB\176,dataset\MM5\Depth\176,dataset\MM5\Thermal\176,dataset\MM5\Class_Annotations\176
MM5,338,dataset\MM5\RGB\56,dataset\MM5\Depth\56,dataset\MM5\Thermal\56,dataset\MM5\Class_Annotations\56
MM5,407,dataset\MM5\RGB\121,dataset\MM5\Depth\121,dataset\MM5\Thermal\121,dataset\MM5\Class_Annotations\121
MM5,470,dataset\MM5\RGB\184,dataset\MM5\Depth\184,dataset\MM5\Thermal\184,dataset\MM5\Class_Annotations\184
MM5,301,dataset\MM5\RGB\19,dataset\MM5\Depth\19,dataset\MM5\Thermal\19,dataset\MM5\Class_Annotations\19
MM5,459,dataset\MM5\RGB\173,dataset\MM5\Depth\173,dataset\MM5\Thermal\173,dataset\MM5\Class_Annotations\173
MM5,603,dataset\MM5\RGB\316,dataset\MM5\Depth\316,dataset\MM5\Thermal\316,dataset\MM5\Class_Annotations\316
MM5,346,dataset\MM5\RGB\64,dataset\MM5\Depth\64,dataset\MM5\Thermal\64,dataset\MM5\Class_Annotations\64
MM5,419,dataset\MM5\RGB\133,dataset\MM5\Depth\133,dataset\MM5\Thermal\133,dataset\MM5\Class_Annotations\133
MM5,437,dataset\MM5\RGB\151,dataset\MM5\Depth\151,dataset\MM5\Thermal\151,dataset\MM5\Class_Annotations\151
MM5,586,dataset\MM5\RGB\300,dataset\MM5\Depth\300,dataset\MM5\Thermal\300,dataset\MM5\Class_Annotations\300
MM5,499,dataset\MM5\RGB\213,dataset\MM5\Depth\213,dataset\MM5\Thermal\213,dataset\MM5\Class_Annotations\213
MM5,608,dataset\MM5\RGB\321,dataset\MM5\Depth\321,dataset\MM5\Thermal\321,dataset\MM5\Class_Annotations\321
MM5,569,dataset\MM5\RGB\283,dataset\MM5\Depth\283,dataset\MM5\Thermal\283,dataset\MM5\Class_Annotations\283
MM5,543,dataset\MM5\RGB\257,dataset\MM5\Depth\257,dataset\MM5\Thermal\257,dataset\MM5\Class_Annotations\257
MM5,492,dataset\MM5\RGB\206,dataset\MM5\Depth\206,dataset\MM5\Thermal\206,dataset\MM5\Class_Annotations\206
MM5,552,dataset\MM5\RGB\266,dataset\MM5\Depth\266,dataset\MM5\Thermal\266,dataset\MM5\Class_Annotations\266
MM5,522,dataset\MM5\RGB\236,dataset\MM5\Depth\236,dataset\MM5\Thermal\236,dataset\MM5\Class_Annotations\236
MM5,466,dataset\MM5\RGB\180,dataset\MM5\Depth\180,dataset\MM5\Thermal\180,dataset\MM5\Class_Annotations\180
MM5,292,dataset\MM5\RGB\10,dataset\MM5\Depth\10,dataset\MM5\Thermal\10,dataset\MM5\Class_Annotations\10
MM5,445,dataset\MM5\RGB\159,dataset\MM5\Depth\159,dataset\MM5\Thermal\159,dataset\MM5\Class_Annotations\159
MM5,397,dataset\MM5\RGB\111,dataset\MM5\Depth\111,dataset\MM5\Thermal\111,dataset\MM5\Class_Annotations\111
MM5,321,dataset\MM5\RGB\39,dataset\MM5\Depth\39,dataset\MM5\Thermal\39,dataset\MM5\Class_Annotations\39
MM5,297,dataset\MM5\RGB\15,dataset\MM5\Depth\15,dataset\MM5\Thermal\15,dataset\MM5\Class_Annotations\15
MM5,287,dataset\MM5\RGB\6,dataset\MM5\Depth\6,dataset\MM5\Thermal\6,dataset\MM5\Class_Annotations\6
MM5,387,dataset\MM5\RGB\105,dataset\MM5\Depth\105,dataset\MM5\Thermal\105,dataset\MM5\Class_Annotations\105
MM5,326,dataset\MM5\RGB\44,dataset\MM5\Depth\44,dataset\MM5\Thermal\44,dataset\MM5\Class_Annotations\44
MM5,525,dataset\MM5\RGB\239,dataset\MM5\Depth\239,dataset\MM5\Thermal\239,dataset\MM5\Class_Annotations\239
MM5,585,dataset\MM5\RGB\299,dataset\MM5\Depth\299,dataset\MM5\Thermal\299,dataset\MM5\Class_Annotations\299
MM5,444,dataset\MM5\RGB\158,dataset\MM5\Depth\158,dataset\MM5\Thermal\158,dataset\MM5\Class_Annotations\158
MM5,567,dataset\MM5\RGB\281,dataset\MM5\Depth\281,dataset\MM5\Thermal\281,dataset\MM5\Class_Annotations\281
MM5,489,dataset\MM5\RGB\203,dataset\MM5\Depth\203,dataset\MM5\Thermal\203,dataset\MM5\Class_Annotations\203
MM5,534,dataset\MM5\RGB\248,dataset\MM5\Depth\248,dataset\MM5\Thermal\248,dataset\MM5\Class_Annotations\248
MM5,509,dataset\MM5\RGB\223,dataset\MM5\Depth\223,dataset\MM5\Thermal\223,dataset\MM5\Class_Annotations\223
MM5,577,dataset\MM5\RGB\291,dataset\MM5\Depth\291,dataset\MM5\Thermal\291,dataset\MM5\Class_Annotations\291
MM5,306,dataset\MM5\RGB\24,dataset\MM5\Depth\24,dataset\MM5\Thermal\24,dataset\MM5\Class_Annotations\24
MM5,536,dataset\MM5\RGB\250,dataset\MM5\Depth\250,dataset\MM5\Thermal\250,dataset\MM5\Class_Annotations\250
MM5,476,dataset\MM5\RGB\190,dataset\MM5\Depth\190,dataset\MM5\Thermal\190,dataset\MM5\Class_Annotations\190
MM5,381,dataset\MM5\RGB\99,dataset\MM5\Depth\99,dataset\MM5\Thermal\99,dataset\MM5\Class_Annotations\99
MM5,440,dataset\MM5\RGB\154,dataset\MM5\Depth\154,dataset\MM5\Thermal\154,dataset\MM5\Class_Annotations\154
MM5,596,dataset\MM5\RGB\310,dataset\MM5\Depth\310,dataset\MM5\Thermal\310,dataset\MM5\Class_Annotations\310
MM5,560,dataset\MM5\RGB\274,dataset\MM5\Depth\274,dataset\MM5\Thermal\274,dataset\MM5\Class_Annotations\274
MM5,394,dataset\MM5\RGB\108,dataset\MM5\Depth\108,dataset\MM5\Thermal\108,dataset\MM5\Class_Annotations\108
MM5,431,dataset\MM5\RGB\145,dataset\MM5\Depth\145,dataset\MM5\Thermal\145,dataset\MM5\Class_Annotations\145
MM5,556,dataset\MM5\RGB\270,dataset\MM5\Depth\270,dataset\MM5\Thermal\270,dataset\MM5\Class_Annotations\270
MM5,409,dataset\MM5\RGB\123,dataset\MM5\Depth\123,dataset\MM5\Thermal\123,dataset\MM5\Class_Annotations\123
MM5,426,dataset\MM5\RGB\140,dataset\MM5\Depth\140,dataset\MM5\Thermal\140,dataset\MM5\Class_Annotations\140
MM5,371,dataset\MM5\RGB\89,dataset\MM5\Depth\89,dataset\MM5\Thermal\89,dataset\MM5\Class_Annotations\89
MM5,531,dataset\MM5\RGB\245,dataset\MM5\Depth\245,dataset\MM5\Thermal\245,dataset\MM5\Class_Annotations\245
MM5,314,dataset\MM5\RGB\32,dataset\MM5\Depth\32,dataset\MM5\Thermal\32,dataset\MM5\Class_Annotations\32
MM5,475,dataset\MM5\RGB\189,dataset\MM5\Depth\189,dataset\MM5\Thermal\189,dataset\MM5\Class_Annotations\189
MM5,597,dataset\MM5\RGB\311,dataset\MM5\Depth\311,dataset\MM5\Thermal\311,dataset\MM5\Class_Annotations\311
MM5,488,dataset\MM5\RGB\202,dataset\MM5\Depth\202,dataset\MM5\Thermal\202,dataset\MM5\Class_Annotations\202
MM5,455,dataset\MM5\RGB\169,dataset\MM5\Depth\169,dataset\MM5\Thermal\169,dataset\MM5\Class_Annotations\169
MM5,550,dataset\MM5\RGB\264,dataset\MM5\Depth\264,dataset\MM5\Thermal\264,dataset\MM5\Class_Annotations\264
MM5,327,dataset\MM5\RGB\45,dataset\MM5\Depth\45,dataset\MM5\Thermal\45,dataset\MM5\Class_Annotations\45
MM5,357,dataset\MM5\RGB\75,dataset\MM5\Depth\75,dataset\MM5\Thermal\75,dataset\MM5\Class_Annotations\75
MM5,561,dataset\MM5\RGB\275,dataset\MM5\Depth\275,dataset\MM5\Thermal\275,dataset\MM5\Class_Annotations\275
MM5,347,dataset\MM5\RGB\65,dataset\MM5\Depth\65,dataset\MM5\Thermal\65,dataset\MM5\Class_Annotations\65
MM5,447,dataset\MM5\RGB\161,dataset\MM5\Depth\161,dataset\MM5\Thermal\161,dataset\MM5\Class_Annotations\161
MM5,599,dataset\MM5\RGB\313,dataset\MM5\Depth\313,dataset\MM5\Thermal\313,dataset\MM5\Class_Annotations\313
MM5,343,dataset\MM5\RGB\61,dataset\MM5\Depth\61,dataset\MM5\Thermal\61,dataset\MM5\Class_Annotations\61
MM5,375,dataset\MM5\RGB\93,dataset\MM5\Depth\93,dataset\MM5\Thermal\93,dataset\MM5\Class_Annotations\93
MM5,463,dataset\MM5\RGB\177,dataset\MM5\Depth\177,dataset\MM5\Thermal\177,dataset\MM5\Class_Annotations\177
MM5,479,dataset\MM5\RGB\193,dataset\MM5\Depth\193,dataset\MM5\Thermal\193,dataset\MM5\Class_Annotations\193
MM5,425,dataset\MM5\RGB\139,dataset\MM5\Depth\139,dataset\MM5\Thermal\139,dataset\MM5\Class_Annotations\139
MM5,384,dataset\MM5\RGB\102,dataset\MM5\Depth\102,dataset\MM5\Thermal\102,dataset\MM5\Class_Annotations\102
MM5,412,dataset\MM5\RGB\126,dataset\MM5\Depth\126,dataset\MM5\Thermal\126,dataset\MM5\Class_Annotations\126
MM5,398,dataset\MM5\RGB\112,dataset\MM5\Depth\112,dataset\MM5\Thermal\112,dataset\MM5\Class_Annotations\112
MM5,354,dataset\MM5\RGB\72,dataset\MM5\Depth\72,dataset\MM5\Thermal\72,dataset\MM5\Class_Annotations\72
MM5,582,dataset\MM5\RGB\296,dataset\MM5\Depth\296,dataset\MM5\Thermal\296,dataset\MM5\Class_Annotations\296
MM5,467,dataset\MM5\RGB\181,dataset\MM5\Depth\181,dataset\MM5\Thermal\181,dataset\MM5\Class_Annotations\181
MM5,508,dataset\MM5\RGB\222,dataset\MM5\Depth\222,dataset\MM5\Thermal\222,dataset\MM5\Class_Annotations\222
MM5,514,dataset\MM5\RGB\228,dataset\MM5\Depth\228,dataset\MM5\Thermal\228,dataset\MM5\Class_Annotations\228
MM5,580,dataset\MM5\RGB\294,dataset\MM5\Depth\294,dataset\MM5\Thermal\294,dataset\MM5\Class_Annotations\294
MM5,393,dataset\MM5\RGB\107,dataset\MM5\Depth\107,dataset\MM5\Thermal\107,dataset\MM5\Class_Annotations\107
MM5,449,dataset\MM5\RGB\163,dataset\MM5\Depth\163,dataset\MM5\Thermal\163,dataset\MM5\Class_Annotations\163
MM5,487,dataset\MM5\RGB\201,dataset\MM5\Depth\201,dataset\MM5\Thermal\201,dataset\MM5\Class_Annotations\201
MM5,308,dataset\MM5\RGB\26,dataset\MM5\Depth\26,dataset\MM5\Thermal\26,dataset\MM5\Class_Annotations\26
MM5,315,dataset\MM5\RGB\33,dataset\MM5\Depth\33,dataset\MM5\Thermal\33,dataset\MM5\Class_Annotations\33
MM5,541,dataset\MM5\RGB\255,dataset\MM5\Depth\255,dataset\MM5\Thermal\255,dataset\MM5\Class_Annotations\255
MM5,573,dataset\MM5\RGB\287,dataset\MM5\Depth\287,dataset\MM5\Thermal\287,dataset\MM5\Class_Annotations\287
MM5,507,dataset\MM5\RGB\221,dataset\MM5\Depth\221,dataset\MM5\Thermal\221,dataset\MM5\Class_Annotations\221
MM5,518,dataset\MM5\RGB\232,dataset\MM5\Depth\232,dataset\MM5\Thermal\232,dataset\MM5\Class_Annotations\232
MM5,511,dataset\MM5\RGB\225,dataset\MM5\Depth\225,dataset\MM5\Thermal\225,dataset\MM5\Class_Annotations\225
MM5,295,dataset\MM5\RGB\13,dataset\MM5\Depth\13,dataset\MM5\Thermal\13,dataset\MM5\Class_Annotations\13
MM5,410,dataset\MM5\RGB\124,dataset\MM5\Depth\124,dataset\MM5\Thermal\124,dataset\MM5\Class_Annotations\124
MM5,376,dataset\MM5\RGB\94,dataset\MM5\Depth\94,dataset\MM5\Thermal\94,dataset\MM5\Class_Annotations\94
MM5,549,dataset\MM5\RGB\263,dataset\MM5\Depth\263,dataset\MM5\Thermal\263,dataset\MM5\Class_Annotations\263
MM5,294,dataset\MM5\RGB\12,dataset\MM5\Depth\12,dataset\MM5\Thermal\12,dataset\MM5\Class_Annotations\12
MM5,370,dataset\MM5\RGB\88,dataset\MM5\Depth\88,dataset\MM5\Thermal\88,dataset\MM5\Class_Annotations\88
MM5,296,dataset\MM5\RGB\14,dataset\MM5\Depth\14,dataset\MM5\Thermal\14,dataset\MM5\Class_Annotations\14
MM5,317,dataset\MM5\RGB\35,dataset\MM5\Depth\35,dataset\MM5\Thermal\35,dataset\MM5\Class_Annotations\35
MM5,439,dataset\MM5\RGB\153,dataset\MM5\Depth\153,dataset\MM5\Thermal\153,dataset\MM5\Class_Annotations\153
MM5,512,dataset\MM5\RGB\226,dataset\MM5\Depth\226,dataset\MM5\Thermal\226,dataset\MM5\Class_Annotations\226
MM5,303,dataset\MM5\RGB\21,dataset\MM5\Depth\21,dataset\MM5\Thermal\21,dataset\MM5\Class_Annotations\21
MM5,564,dataset\MM5\RGB\278,dataset\MM5\Depth\278,dataset\MM5\Thermal\278,dataset\MM5\Class_Annotations\278
MM5,323,dataset\MM5\RGB\41,dataset\MM5\Depth\41,dataset\MM5\Thermal\41,dataset\MM5\Class_Annotations\41
MM5,478,dataset\MM5\RGB\192,dataset\MM5\Depth\192,dataset\MM5\Thermal\192,dataset\MM5\Class_Annotations\192
MM5,336,dataset\MM5\RGB\54,dataset\MM5\Depth\54,dataset\MM5\Thermal\54,dataset\MM5\Class_Annotations\54
MM5,578,dataset\MM5\RGB\292,dataset\MM5\Depth\292,dataset\MM5\Thermal\292,dataset\MM5\Class_Annotations\292
MM5,579,dataset\MM5\RGB\293,dataset\MM5\Depth\293,dataset\MM5\Thermal\293,dataset\MM5\Class_Annotations\293
MM5,505,dataset\MM5\RGB\219,dataset\MM5\Depth\219,dataset\MM5\Thermal\219,dataset\MM5\Class_Annotations\219
MM5,500,dataset\MM5\RGB\214,dataset\MM5\Depth\214,dataset\MM5\Thermal\214,dataset\MM5\Class_Annotations\214
MM5,417,dataset\MM5\RGB\131,dataset\MM5\Depth\131,dataset\MM5\Thermal\131,dataset\MM5\Class_Annotations\131
MM5,468,dataset\MM5\RGB\182,dataset\MM5\Depth\182,dataset\MM5\Thermal\182,dataset\MM5\Class_Annotations\182
MM5,406,dataset\MM5\RGB\120,dataset\MM5\Depth\120,dataset\MM5\Thermal\120,dataset\MM5\Class_Annotations\120
MM5,366,dataset\MM5\RGB\84,dataset\MM5\Depth\84,dataset\MM5\Thermal\84,dataset\MM5\Class_Annotations\84
MM5,304,dataset\MM5\RGB\22,dataset\MM5\Depth\22,dataset\MM5\Thermal\22,dataset\MM5\Class_Annotations\22
MM5,378,dataset\MM5\RGB\96,dataset\MM5\Depth\96,dataset\MM5\Thermal\96,dataset\MM5\Class_Annotations\96
MM5,566,dataset\MM5\RGB\280,dataset\MM5\Depth\280,dataset\MM5\Thermal\280,dataset\MM5\Class_Annotations\280
MM5,474,dataset\MM5\RGB\188,dataset\MM5\Depth\188,dataset\MM5\Thermal\188,dataset\MM5\Class_Annotations\188
MM5,341,dataset\MM5\RGB\59,dataset\MM5\Depth\59,dataset\MM5\Thermal\59,dataset\MM5\Class_Annotations\59
MM5,562,dataset\MM5\RGB\276,dataset\MM5\Depth\276,dataset\MM5\Thermal\276,dataset\MM5\Class_Annotations\276
MM5,432,dataset\MM5\RGB\146,dataset\MM5\Depth\146,dataset\MM5\Thermal\146,dataset\MM5\Class_Annotations\146
MM5,526,dataset\MM5\RGB\240,dataset\MM5\Depth\240,dataset\MM5\Thermal\240,dataset\MM5\Class_Annotations\240
MM5,524,dataset\MM5\RGB\238,dataset\MM5\Depth\238,dataset\MM5\Thermal\238,dataset\MM5\Class_Annotations\238
MM5,300,dataset\MM5\RGB\18,dataset\MM5\Depth\18,dataset\MM5\Thermal\18,dataset\MM5\Class_Annotations\18
MM5,442,dataset\MM5\RGB\156,dataset\MM5\Depth\156,dataset\MM5\Thermal\156,dataset\MM5\Class_Annotations\156
MM5,551,dataset\MM5\RGB\265,dataset\MM5\Depth\265,dataset\MM5\Thermal\265,dataset\MM5\Class_Annotations\265
MM5,288,dataset\MM5\RGB\7,dataset\MM5\Depth\7,dataset\MM5\Thermal\7,dataset\MM5\Class_Annotations\7
MM5,540,dataset\MM5\RGB\254,dataset\MM5\Depth\254,dataset\MM5\Thermal\254,dataset\MM5\Class_Annotations\254
MM5,583,dataset\MM5\RGB\297,dataset\MM5\Depth\297,dataset\MM5\Thermal\297,dataset\MM5\Class_Annotations\297
MM5,316,dataset\MM5\RGB\34,dataset\MM5\Depth\34,dataset\MM5\Thermal\34,dataset\MM5\Class_Annotations\34
MM5,495,dataset\MM5\RGB\209,dataset\MM5\Depth\209,dataset\MM5\Thermal\209,dataset\MM5\Class_Annotations\209
MM5,542,dataset\MM5\RGB\256,dataset\MM5\Depth\256,dataset\MM5\Thermal\256,dataset\MM5\Class_Annotations\256
MM5,416,dataset\MM5\RGB\130,dataset\MM5\Depth\130,dataset\MM5\Thermal\130,dataset\MM5\Class_Annotations\130
MM5,497,dataset\MM5\RGB\211,dataset\MM5\Depth\211,dataset\MM5\Thermal\211,dataset\MM5\Class_Annotations\211
MM5,546,dataset\MM5\RGB\260,dataset\MM5\Depth\260,dataset\MM5\Thermal\260,dataset\MM5\Class_Annotations\260
MM5,365,dataset\MM5\RGB\83,dataset\MM5\Depth\83,dataset\MM5\Thermal\83,dataset\MM5\Class_Annotations\83
MM5,399,dataset\MM5\RGB\113,dataset\MM5\Depth\113,dataset\MM5\Thermal\113,dataset\MM5\Class_Annotations\113
MM5,457,dataset\MM5\RGB\171,dataset\MM5\Depth\171,dataset\MM5\Thermal\171,dataset\MM5\Class_Annotations\171
MM5,558,dataset\MM5\RGB\272,dataset\MM5\Depth\272,dataset\MM5\Thermal\272,dataset\MM5\Class_Annotations\272
MM5,563,dataset\MM5\RGB\277,dataset\MM5\Depth\277,dataset\MM5\Thermal\277,dataset\MM5\Class_Annotations\277
MM5,363,dataset\MM5\RGB\81,dataset\MM5\Depth\81,dataset\MM5\Thermal\81,dataset\MM5\Class_Annotations\81
MM5,498,dataset\MM5\RGB\212,dataset\MM5\Depth\212,dataset\MM5\Thermal\212,dataset\MM5\Class_Annotations\212
MM5,433,dataset\MM5\RGB\147,dataset\MM5\Depth\147,dataset\MM5\Thermal\147,dataset\MM5\Class_Annotations\147
MM5,521,dataset\MM5\RGB\235,dataset\MM5\Depth\235,dataset\MM5\Thermal\235,dataset\MM5\Class_Annotations\235
MM5,402,dataset\MM5\RGB\116,dataset\MM5\Depth\116,dataset\MM5\Thermal\116,dataset\MM5\Class_Annotations\116
MM5,607,dataset\MM5\RGB\320,dataset\MM5\Depth\320,dataset\MM5\Thermal\320,dataset\MM5\Class_Annotations\320
MM5,517,dataset\MM5\RGB\231,dataset\MM5\Depth\231,dataset\MM5\Thermal\231,dataset\MM5\Class_Annotations\231
MM5,553,dataset\MM5\RGB\267,dataset\MM5\Depth\267,dataset\MM5\Thermal\267,dataset\MM5\Class_Annotations\267
MM5,342,dataset\MM5\RGB\60,dataset\MM5\Depth\60,dataset\MM5\Thermal\60,dataset\MM5\Class_Annotations\60
MM5,532,dataset\MM5\RGB\246,dataset\MM5\Depth\246,dataset\MM5\Thermal\246,dataset\MM5\Class_Annotations\246
MM5,351,dataset\MM5\RGB\69,dataset\MM5\Depth\69,dataset\MM5\Thermal\69,dataset\MM5\Class_Annotations\69
MM5,513,dataset\MM5\RGB\227,dataset\MM5\Depth\227,dataset\MM5\Thermal\227,dataset\MM5\Class_Annotations\227
MM5,318,dataset\MM5\RGB\36,dataset\MM5\Depth\36,dataset\MM5\Thermal\36,dataset\MM5\Class_Annotations\36
MM5,502,dataset\MM5\RGB\216,dataset\MM5\Depth\216,dataset\MM5\Thermal\216,dataset\MM5\Class_Annotations\216
MM5,289,dataset\MM5\RGB\8,dataset\MM5\Depth\8,dataset\MM5\Thermal\8,dataset\MM5\Class_Annotations\8
MM5,595,dataset\MM5\RGB\309,dataset\MM5\Depth\309,dataset\MM5\Thermal\309,dataset\MM5\Class_Annotations\309
MM5,291,dataset\MM5\RGB\9,dataset\MM5\Depth\9,dataset\MM5\Thermal\9,dataset\MM5\Class_Annotations\9
MM5,377,dataset\MM5\RGB\95,dataset\MM5\Depth\95,dataset\MM5\Thermal\95,dataset\MM5\Class_Annotations\95
MM5,568,dataset\MM5\RGB\282,dataset\MM5\Depth\282,dataset\MM5\Thermal\282,dataset\MM5\Class_Annotations\282
MM5,332,dataset\MM5\RGB\50,dataset\MM5\Depth\50,dataset\MM5\Thermal\50,dataset\MM5\Class_Annotations\50
MM5,400,dataset\MM5\RGB\114,dataset\MM5\Depth\114,dataset\MM5\Thermal\114,dataset\MM5\Class_Annotations\114
MM5,403,dataset\MM5\RGB\117,dataset\MM5\Depth\117,dataset\MM5\Thermal\117,dataset\MM5\Class_Annotations\117
MM5,350,dataset\MM5\RGB\68,dataset\MM5\Depth\68,dataset\MM5\Thermal\68,dataset\MM5\Class_Annotations\68
MM5,570,dataset\MM5\RGB\284,dataset\MM5\Depth\284,dataset\MM5\Thermal\284,dataset\MM5\Class_Annotations\284
MM5,349,dataset\MM5\RGB\67,dataset\MM5\Depth\67,dataset\MM5\Thermal\67,dataset\MM5\Class_Annotations\67
MM5,352,dataset\MM5\RGB\70,dataset\MM5\Depth\70,dataset\MM5\Thermal\70,dataset\MM5\Class_Annotations\70
MM5,386,dataset\MM5\RGB\104,dataset\MM5\Depth\104,dataset\MM5\Thermal\104,dataset\MM5\Class_Annotations\104
MM5,329,dataset\MM5\RGB\47,dataset\MM5\Depth\47,dataset\MM5\Thermal\47,dataset\MM5\Class_Annotations\47
MM5,535,dataset\MM5\RGB\249,dataset\MM5\Depth\249,dataset\MM5\Thermal\249,dataset\MM5\Class_Annotations\249
MM5,529,dataset\MM5\RGB\243,dataset\MM5\Depth\243,dataset\MM5\Thermal\243,dataset\MM5\Class_Annotations\243
MM5,348,dataset\MM5\RGB\66,dataset\MM5\Depth\66,dataset\MM5\Thermal\66,dataset\MM5\Class_Annotations\66
MM5,501,dataset\MM5\RGB\215,dataset\MM5\Depth\215,dataset\MM5\Thermal\215,dataset\MM5\Class_Annotations\215
MM5,451,dataset\MM5\RGB\165,dataset\MM5\Depth\165,dataset\MM5\Thermal\165,dataset\MM5\Class_Annotations\165
MM5,373,dataset\MM5\RGB\91,dataset\MM5\Depth\91,dataset\MM5\Thermal\91,dataset\MM5\Class_Annotations\91
MM5,590,dataset\MM5\RGB\304,dataset\MM5\Depth\304,dataset\MM5\Thermal\304,dataset\MM5\Class_Annotations\304
